{"cameraMode":{"drawMode":0,"name":"Shaded","section":"Shading Mode"},"sceneLighting":true,"audioPlay":false,"sceneViewState":{"m_AlwaysRefresh":false,"showFog":true,"showSkybox":true,"showFlares":true,"showImageEffects":true,"showParticleSystems":true,"showVisualEffectGraphs":true,"m_FxEnabled":true},"in2DMode":false,"pivot":{"x":14.630311965942383,"y":10.265689849853516,"z":7.556012153625488},"rotation":{"x":-0.14571243524551392,"y":0.8075652122497559,"z":-0.22376953065395356,"w":-0.5258641242980957},"size":1.3019962310791016,"orthographic":false}