{"cameraMode":{"drawMode":0,"name":"Shaded","section":"Shading Mode"},"sceneLighting":true,"audioPlay":false,"sceneViewState":{"m_AlwaysRefresh":false,"showFog":true,"showSkybox":true,"showFlares":true,"showImageEffects":true,"showParticleSystems":true,"showVisualEffectGraphs":true,"m_FxEnabled":true},"in2DMode":false,"pivot":{"x":-1.4889824390411378,"y":0.7599074840545654,"z":0.23847725987434388},"rotation":{"x":0.15031786262989045,"y":-0.010380498133599759,"z":0.001578393392264843,"w":0.9885818958282471},"size":7.174029350280762,"orthographic":true}